sender,recipient,time,subject
user9979@company.com,user6838@company.com,2023-01-01 15:00:00,Project Update
user2877@company.com,user426@company.com,2023-01-01 07:13:00,Request
user340@company.com,user8686@company.com,2023-01-01 17:07:00,Request
user7547@company.com,user944@company.com,2023-01-01 17:19:00,Confidential
user6651@company.com,user5550@company.com,2023-01-01 16:21:00,Invoice
user4733@company.com,user619@company.com,2023-01-01 15:34:00,Request
user8203@company.com,user5494@company.com,2023-01-01 07:12:00,Confidential
user2664@company.com,user1106@company.com,2023-01-01 19:36:00,Meeting
user444@company.com,user5031@company.com,2023-01-01 08:35:00,Project Update
user8520@company.com,user4890@company.com,2023-01-01 15:08:00,Request
user6681@company.com,user281@company.com,2023-01-01 18:45:00,Invoice
user6880@company.com,user2569@company.com,2023-01-01 07:51:00,Request
user8182@company.com,user3801@company.com,2023-01-01 15:19:00,Meeting
user2275@company.com,user2752@company.com,2023-01-01 08:23:00,Confidential
user3779@company.com,user4859@company.com,2023-01-01 10:38:00,Confidential
user6893@company.com,user8255@company.com,2023-01-01 09:40:00,Invoice
user2104@company.com,user3998@company.com,2023-01-01 15:06:00,Invoice
user4615@company.com,user7755@company.com,2023-01-01 11:58:00,Meeting
user2802@company.com,user9941@company.com,2023-01-01 16:22:00,Invoice
user7336@company.com,user5797@company.com,2023-01-01 12:15:00,Request
user3755@company.com,user5937@company.com,2023-01-01 07:27:00,Invoice
user4137@company.com,user1179@company.com,2023-01-01 10:50:00,Request
user495@company.com,user7725@company.com,2023-01-01 17:53:00,Invoice
user4118@company.com,user4070@company.com,2023-01-01 09:36:00,Confidential
user9318@company.com,user2166@company.com,2023-01-01 18:49:00,Project Update
user3044@company.com,user2241@company.com,2023-01-01 09:07:00,Meeting
user3850@company.com,user7420@company.com,2023-01-01 17:00:00,Meeting
user2558@company.com,user2261@company.com,2023-01-01 15:32:00,Request
user9956@company.com,user7765@company.com,2023-01-01 19:03:00,Meeting
user7108@company.com,user498@company.com,2023-01-01 07:40:00,Invoice
user2277@company.com,user1002@company.com,2023-01-01 13:54:00,Project Update
user500@company.com,user8590@company.com,2023-01-01 11:06:00,Project Update
user6322@company.com,user9558@company.com,2023-01-01 17:44:00,Confidential
user7765@company.com,user7570@company.com,2023-01-01 12:12:00,Meeting
user3969@company.com,user9001@company.com,2023-01-01 13:12:00,Confidential
user7710@company.com,user3368@company.com,2023-01-01 13:46:00,Invoice
user2383@company.com,user1906@company.com,2023-01-01 14:34:00,Invoice
user7722@company.com,user2629@company.com,2023-01-01 09:32:00,Project Update
user4374@company.com,user3662@company.com,2023-01-01 13:38:00,Project Update
user7193@company.com,user4830@company.com,2023-01-01 09:47:00,Meeting
user9083@company.com,user869@company.com,2023-01-01 19:41:00,Request
user7141@company.com,user9874@company.com,2023-01-01 08:37:00,Project Update
user8561@company.com,user878@company.com,2023-01-01 16:56:00,Request
user1704@company.com,user7775@company.com,2023-01-01 11:20:00,Invoice
user2146@company.com,user7365@company.com,2023-01-01 19:20:00,Meeting
user8124@company.com,user160@company.com,2023-01-01 07:16:00,Project Update
user555@company.com,user2840@company.com,2023-01-01 18:12:00,Meeting
user6335@company.com,user2624@company.com,2023-01-01 15:24:00,Invoice
user1291@company.com,user1126@company.com,2023-01-01 13:56:00,Request
user2063@company.com,user8041@company.com,2023-01-01 14:41:00,Project Update
user3998@company.com,user9042@company.com,2023-01-01 16:14:00,Project Update
user3670@company.com,user7003@company.com,2023-01-01 17:16:00,Request
user339@company.com,user3996@company.com,2023-01-01 13:45:00,Invoice
user7381@company.com,user1236@company.com,2023-01-01 13:33:00,Request
user9786@company.com,user8019@company.com,2023-01-01 09:37:00,Meeting
user1181@company.com,user9844@company.com,2023-01-01 07:04:00,Project Update
user1365@company.com,user8884@company.com,2023-01-01 12:22:00,Invoice
user185@company.com,user6142@company.com,2023-01-01 19:31:00,Invoice
user4694@company.com,user8455@company.com,2023-01-01 14:55:00,Project Update
user3614@company.com,user9098@company.com,2023-01-01 08:44:00,Confidential
user1598@company.com,user7925@company.com,2023-01-01 11:30:00,Invoice
user9848@company.com,user366@company.com,2023-01-01 19:53:00,Confidential
user2992@company.com,user3994@company.com,2023-01-01 09:33:00,Invoice
user3324@company.com,user3846@company.com,2023-01-01 14:15:00,Confidential
user2399@company.com,user3258@company.com,2023-01-01 07:44:00,Invoice
user7286@company.com,user6575@company.com,2023-01-01 09:59:00,Project Update
user7571@company.com,user2730@company.com,2023-01-01 13:58:00,Confidential
user9886@company.com,user3974@company.com,2023-01-01 08:56:00,Request
user5989@company.com,user8204@company.com,2023-01-01 19:21:00,Meeting
user1660@company.com,user8538@company.com,2023-01-01 13:09:00,Invoice
user3633@company.com,user9856@company.com,2023-01-01 12:59:00,Confidential
user3502@company.com,user9519@company.com,2023-01-01 11:43:00,Request
user8061@company.com,user4620@company.com,2023-01-01 09:08:00,Invoice
user3340@company.com,user4786@company.com,2023-01-01 16:03:00,Request
user3292@company.com,user4161@company.com,2023-01-01 09:24:00,Request
user2561@company.com,user6706@company.com,2023-01-01 10:56:00,Invoice
user4173@company.com,user4908@company.com,2023-01-01 15:13:00,Project Update
user4115@company.com,user1827@company.com,2023-01-01 07:54:00,Invoice
user5051@company.com,user5527@company.com,2023-01-01 17:55:00,Request
user6388@company.com,user179@company.com,2023-01-01 08:38:00,Meeting
user7430@company.com,user8034@company.com,2023-01-01 19:56:00,Meeting
user9032@company.com,user6382@company.com,2023-01-01 14:20:00,Confidential
user6622@company.com,user8804@company.com,2023-01-01 07:50:00,Confidential
user3190@company.com,user5073@company.com,2023-01-01 12:44:00,Confidential
user2038@company.com,user382@company.com,2023-01-01 14:06:00,Confidential
user8402@company.com,user364@company.com,2023-01-01 13:22:00,Invoice
user614@company.com,user2818@company.com,2023-01-01 13:19:00,Confidential
user2199@company.com,user2188@company.com,2023-01-01 10:04:00,Invoice
user6753@company.com,user4805@company.com,2023-01-01 19:09:00,Project Update
user2486@company.com,user209@company.com,2023-01-01 14:25:00,Invoice
user7986@company.com,user9399@company.com,2023-01-01 13:25:00,Confidential
user5719@company.com,user8556@company.com,2023-01-01 08:44:00,Meeting
user4906@company.com,user3737@company.com,2023-01-01 19:18:00,Invoice
user7595@company.com,user7240@company.com,2023-01-01 18:24:00,Meeting
user3800@company.com,user6501@company.com,2023-01-01 18:44:00,Request
user6305@company.com,user6683@company.com,2023-01-01 17:15:00,Confidential
user9005@company.com,user7004@company.com,2023-01-01 08:11:00,Project Update
user4276@company.com,user5792@company.com,2023-01-01 16:31:00,Confidential
user6719@company.com,user7896@company.com,2023-01-01 18:41:00,Invoice
user935@company.com,user4138@company.com,2023-01-01 16:22:00,Project Update
user6487@company.com,user9803@company.com,2023-01-01 09:22:00,Project Update
user9893@company.com,user2037@company.com,2023-01-01 08:22:00,Invoice
user7026@company.com,user5626@company.com,2023-01-01 19:51:00,Meeting
user2307@company.com,user7457@company.com,2023-01-01 17:35:00,Project Update
user3106@company.com,user6640@company.com,2023-01-01 09:16:00,Request
user177@company.com,user4363@company.com,2023-01-01 13:30:00,Confidential
user9972@company.com,user3585@company.com,2023-01-01 10:35:00,Meeting
user9554@company.com,user5566@company.com,2023-01-01 19:46:00,Project Update
user2474@company.com,user7599@company.com,2023-01-01 15:24:00,Meeting
user6313@company.com,user3306@company.com,2023-01-01 17:55:00,Project Update
user4330@company.com,user1471@company.com,2023-01-01 10:20:00,Project Update
user3162@company.com,user9923@company.com,2023-01-01 14:33:00,Invoice
user1334@company.com,user4912@company.com,2023-01-01 08:11:00,Project Update
user1096@company.com,user1213@company.com,2023-01-01 19:37:00,Project Update
user6306@company.com,user8089@company.com,2023-01-01 14:14:00,Confidential
user8922@company.com,user5232@company.com,2023-01-01 09:43:00,Meeting
user7452@company.com,user5081@company.com,2023-01-01 14:26:00,Project Update
user1894@company.com,user5477@company.com,2023-01-01 12:34:00,Invoice
user9571@company.com,user7827@company.com,2023-01-01 19:12:00,Request
user4972@company.com,user160@company.com,2023-01-01 07:33:00,Project Update
user1229@company.com,user1018@company.com,2023-01-01 12:54:00,Meeting
user1493@company.com,user2752@company.com,2023-01-01 11:01:00,Confidential
user6933@company.com,user6757@company.com,2023-01-01 14:33:00,Confidential
user1662@company.com,user8712@company.com,2023-01-01 13:48:00,Confidential
user4746@company.com,user5790@company.com,2023-01-01 10:15:00,Request
user3268@company.com,user7468@company.com,2023-01-01 10:13:00,Project Update
user749@company.com,user7192@company.com,2023-01-01 17:52:00,Invoice
user7176@company.com,user6553@company.com,2023-01-01 07:12:00,Project Update
user656@company.com,user7695@company.com,2023-01-01 14:29:00,Meeting
user6021@company.com,user4040@company.com,2023-01-01 10:36:00,Confidential
user4322@company.com,user1298@company.com,2023-01-01 11:57:00,Invoice
user1483@company.com,user2700@company.com,2023-01-01 14:50:00,Invoice
user7863@company.com,user9320@company.com,2023-01-01 15:35:00,Project Update
user2874@company.com,user7497@company.com,2023-01-01 19:08:00,Project Update
user9984@company.com,user3232@company.com,2023-01-01 12:10:00,Invoice
user1177@company.com,user2532@company.com,2023-01-01 07:39:00,Request
user7435@company.com,user5871@company.com,2023-01-01 12:19:00,Confidential
user8169@company.com,user923@company.com,2023-01-01 07:18:00,Confidential
user5797@company.com,user8973@company.com,2023-01-01 14:02:00,Project Update
user2176@company.com,user8501@company.com,2023-01-01 07:35:00,Confidential
user533@company.com,user3140@company.com,2023-01-01 11:06:00,Project Update
user6421@company.com,user3214@company.com,2023-01-01 15:26:00,Project Update
user577@company.com,user1492@company.com,2023-01-01 07:33:00,Meeting
user879@company.com,user1693@company.com,2023-01-01 12:12:00,Invoice
user2262@company.com,user7356@company.com,2023-01-01 15:01:00,Project Update
user5355@company.com,user6694@company.com,2023-01-01 07:32:00,Request
user6683@company.com,user3158@company.com,2023-01-01 19:35:00,Invoice
user1402@company.com,user9849@company.com,2023-01-01 13:08:00,Request
user5109@company.com,user1736@company.com,2023-01-01 19:38:00,Invoice
user4307@company.com,user7186@company.com,2023-01-01 11:24:00,Request
user475@company.com,user5894@company.com,2023-01-01 14:37:00,Meeting
user4074@company.com,user2753@company.com,2023-01-01 17:46:00,Project Update
user8886@company.com,user3241@company.com,2023-01-01 16:20:00,Confidential
user6805@company.com,user8833@company.com,2023-01-01 12:12:00,Request
user9930@company.com,user3801@company.com,2023-01-01 10:20:00,Confidential
user2065@company.com,user4381@company.com,2023-01-01 08:38:00,Invoice
user1356@company.com,user7633@company.com,2023-01-01 19:35:00,Confidential
user3847@company.com,user1625@company.com,2023-01-01 15:41:00,Request
user2942@company.com,user7585@company.com,2023-01-01 15:24:00,Request
user9164@company.com,user5996@company.com,2023-01-01 13:32:00,Confidential
user9320@company.com,user6298@company.com,2023-01-01 18:29:00,Meeting
user7622@company.com,user9775@company.com,2023-01-01 18:53:00,Request
user5939@company.com,user6276@company.com,2023-01-01 15:33:00,Project Update
user8484@company.com,user5282@company.com,2023-01-01 18:44:00,Request
user6686@company.com,user7152@company.com,2023-01-01 12:09:00,Project Update
user6241@company.com,user3577@company.com,2023-01-01 18:40:00,Invoice
user8614@company.com,user7799@company.com,2023-01-01 15:52:00,Confidential
user4407@company.com,user8542@company.com,2023-01-01 07:07:00,Project Update
user5404@company.com,user1906@company.com,2023-01-01 17:05:00,Request
user4662@company.com,user2273@company.com,2023-01-01 17:47:00,Confidential
user4988@company.com,user2027@company.com,2023-01-01 18:00:00,Meeting
user2399@company.com,user828@company.com,2023-01-01 12:34:00,Meeting
user5277@company.com,user9473@company.com,2023-01-01 12:40:00,Confidential
user9058@company.com,user8573@company.com,2023-01-01 07:44:00,Request
user3660@company.com,user5676@company.com,2023-01-01 09:24:00,Meeting
user7333@company.com,user4003@company.com,2023-01-01 17:58:00,Request
user2953@company.com,user7240@company.com,2023-01-01 13:52:00,Project Update
user7149@company.com,user7470@company.com,2023-01-01 07:25:00,Meeting
user6000@company.com,user74@company.com,2023-01-01 16:05:00,Confidential
user2749@company.com,user6610@company.com,2023-01-01 08:06:00,Request
user8827@company.com,user1002@company.com,2023-01-01 16:50:00,Invoice
user7164@company.com,user985@company.com,2023-01-01 19:24:00,Request
user9986@company.com,user3892@company.com,2023-01-01 18:11:00,Meeting
user2269@company.com,user3180@company.com,2023-01-01 13:31:00,Meeting
user6550@company.com,user5573@company.com,2023-01-01 17:16:00,Project Update
user1343@company.com,user9221@company.com,2023-01-01 18:30:00,Meeting
user1955@company.com,user1143@company.com,2023-01-01 08:49:00,Meeting
user371@company.com,user2322@company.com,2023-01-01 14:10:00,Meeting
user1861@company.com,user6462@company.com,2023-01-01 10:04:00,Confidential
user4840@company.com,user1566@company.com,2023-01-01 16:38:00,Meeting
user8974@company.com,user9318@company.com,2023-01-01 09:42:00,Confidential
user3975@company.com,user3669@company.com,2023-01-01 11:58:00,Project Update
user9931@company.com,user5497@company.com,2023-01-01 15:25:00,Meeting
user5247@company.com,user4762@company.com,2023-01-01 13:37:00,Meeting
user4090@company.com,user2284@company.com,2023-01-01 13:49:00,Confidential
user2279@company.com,user4224@company.com,2023-01-01 09:37:00,Request
user6958@company.com,user6168@company.com,2023-01-01 10:37:00,Project Update
user7348@company.com,user4543@company.com,2023-01-01 09:42:00,Confidential
user6933@company.com,user3337@company.com,2023-01-01 10:32:00,Request
user1379@company.com,user2858@company.com,2023-01-01 09:33:00,Project Update
user153@company.com,user3035@company.com,2023-01-01 10:41:00,Confidential
user904@company.com,user6719@company.com,2023-01-01 07:39:00,Meeting
user1169@company.com,user4683@company.com,2023-01-01 08:29:00,Meeting
user4079@company.com,user6383@company.com,2023-01-01 08:10:00,Meeting
user9646@company.com,user3565@company.com,2023-01-01 10:35:00,Project Update
user8979@company.com,user9684@company.com,2023-01-01 11:21:00,Invoice
user9554@company.com,user7238@company.com,2023-01-01 12:52:00,Project Update
user5515@company.com,user2585@company.com,2023-01-01 10:49:00,Request
user5593@company.com,user9189@company.com,2023-01-01 16:28:00,Meeting
user5703@company.com,user345@company.com,2023-01-01 19:49:00,Confidential
user7488@company.com,user1242@company.com,2023-01-01 10:09:00,Meeting
user3607@company.com,user7381@company.com,2023-01-01 18:47:00,Project Update
user9493@company.com,user265@company.com,2023-01-01 10:06:00,Meeting
user5064@company.com,user6415@company.com,2023-01-01 11:18:00,Meeting
user9890@company.com,user164@company.com,2023-01-01 18:05:00,Invoice
user3717@company.com,user3631@company.com,2023-01-01 16:57:00,Invoice
user9184@company.com,user3678@company.com,2023-01-01 10:44:00,Meeting
user6941@company.com,user5912@company.com,2023-01-01 07:52:00,Request
user214@company.com,user1936@company.com,2023-01-01 09:33:00,Project Update
user8279@company.com,user5052@company.com,2023-01-01 17:50:00,Request
user3637@company.com,user6349@company.com,2023-01-01 11:21:00,Request
user1022@company.com,user4045@company.com,2023-01-01 17:03:00,Project Update
user6349@company.com,user7631@company.com,2023-01-01 19:36:00,Request
user1114@company.com,user3325@company.com,2023-01-01 11:26:00,Request
user647@company.com,user6254@company.com,2023-01-01 17:51:00,Project Update
user6291@company.com,user5682@company.com,2023-01-01 13:04:00,Meeting
user1839@company.com,user8077@company.com,2023-01-01 11:30:00,Meeting
user6761@company.com,user7947@company.com,2023-01-01 09:13:00,Invoice
user634@company.com,user7113@company.com,2023-01-01 15:34:00,Confidential
user8129@company.com,user2444@company.com,2023-01-01 14:49:00,Invoice
user3252@company.com,user8980@company.com,2023-01-01 13:24:00,Request
user9752@company.com,user7967@company.com,2023-01-01 18:03:00,Confidential
user3411@company.com,user4908@company.com,2023-01-01 17:08:00,Project Update
user8805@company.com,user266@company.com,2023-01-01 18:48:00,Request
user3347@company.com,user1781@company.com,2023-01-01 13:58:00,Request
user8276@company.com,user2209@company.com,2023-01-01 19:12:00,Confidential
user9445@company.com,user9706@company.com,2023-01-01 18:23:00,Meeting
user4939@company.com,user2192@company.com,2023-01-01 17:40:00,Project Update
user5398@company.com,user6731@company.com,2023-01-01 13:32:00,Project Update
user7479@company.com,user3674@company.com,2023-01-01 12:51:00,Meeting
user6489@company.com,user7381@company.com,2023-01-01 12:24:00,Invoice
user2892@company.com,user8833@company.com,2023-01-01 07:23:00,Meeting
user629@company.com,user3188@company.com,2023-01-01 13:07:00,Project Update
user271@company.com,user4404@company.com,2023-01-01 17:27:00,Project Update
user5445@company.com,user1787@company.com,2023-01-01 07:01:00,Project Update
user9240@company.com,user5597@company.com,2023-01-01 07:02:00,Request
user9137@company.com,user7690@company.com,2023-01-01 09:25:00,Invoice
user6857@company.com,user2350@company.com,2023-01-01 14:06:00,Confidential
user7465@company.com,user5751@company.com,2023-01-01 19:08:00,Project Update
user5920@company.com,user9398@company.com,2023-01-01 10:59:00,Invoice
user4306@company.com,user1283@company.com,2023-01-01 12:53:00,Confidential
user2581@company.com,user3850@company.com,2023-01-01 16:31:00,Invoice
user3033@company.com,user4126@company.com,2023-01-01 19:29:00,Invoice
user2444@company.com,user5331@company.com,2023-01-01 15:37:00,Project Update
user9522@company.com,user5176@company.com,2023-01-01 16:56:00,Confidential
user5069@company.com,user7022@company.com,2023-01-01 12:05:00,Request
user8728@company.com,user4857@company.com,2023-01-01 13:43:00,Invoice
user6205@company.com,user3462@company.com,2023-01-01 18:07:00,Confidential
user485@company.com,user3338@company.com,2023-01-01 09:41:00,Request
user9075@company.com,user8380@company.com,2023-01-01 16:57:00,Invoice
user8763@company.com,user9377@company.com,2023-01-01 14:35:00,Request
user4964@company.com,user1723@company.com,2023-01-01 18:55:00,Confidential
user2071@company.com,user7055@company.com,2023-01-01 19:14:00,Invoice
user2189@company.com,user8505@company.com,2023-01-01 15:08:00,Request
user171@company.com,user8673@company.com,2023-01-01 09:55:00,Meeting
user1596@company.com,user5113@company.com,2023-01-01 10:42:00,Project Update
user2492@company.com,user5724@company.com,2023-01-01 09:02:00,Project Update
user2077@company.com,user9423@company.com,2023-01-01 19:44:00,Request
user497@company.com,user4750@company.com,2023-01-01 09:42:00,Confidential
user9403@company.com,user8968@company.com,2023-01-01 07:34:00,Confidential
user8903@company.com,user2839@company.com,2023-01-01 12:15:00,Invoice
user6180@company.com,user8113@company.com,2023-01-01 17:00:00,Request
user9596@company.com,user7268@company.com,2023-01-01 17:32:00,Invoice
user606@company.com,user7135@company.com,2023-01-01 08:24:00,Project Update
user4084@company.com,user1930@company.com,2023-01-01 17:09:00,Project Update
user7526@company.com,user8646@company.com,2023-01-01 15:42:00,Request
user8525@company.com,user1416@company.com,2023-01-01 13:41:00,Meeting
user6428@company.com,user6921@company.com,2023-01-01 13:39:00,Request
user7807@company.com,user4400@company.com,2023-01-01 19:56:00,Meeting
user2625@company.com,user3874@company.com,2023-01-01 10:58:00,Request
user4708@company.com,user4990@company.com,2023-01-01 11:25:00,Project Update
user1494@company.com,user7545@company.com,2023-01-01 16:46:00,Invoice
user4947@company.com,user9731@company.com,2023-01-01 18:23:00,Confidential
user1104@company.com,user1365@company.com,2023-01-01 14:49:00,Project Update
user4826@company.com,user4196@company.com,2023-01-01 17:44:00,Invoice
user1165@company.com,user5955@company.com,2023-01-01 10:24:00,Project Update
user4222@company.com,user5488@company.com,2023-01-01 08:43:00,Request
user3579@company.com,user1214@company.com,2023-01-01 10:09:00,Project Update
user8629@company.com,user1799@company.com,2023-01-01 18:24:00,Confidential
user651@company.com,user4944@company.com,2023-01-01 16:06:00,Invoice
user6442@company.com,user1777@company.com,2023-01-01 07:03:00,Confidential
user2096@company.com,user7076@company.com,2023-01-01 07:29:00,Confidential
user8397@company.com,user5762@company.com,2023-01-01 08:26:00,Invoice
user929@company.com,user6961@company.com,2023-01-01 11:02:00,Project Update
user5514@company.com,user9032@company.com,2023-01-01 19:58:00,Invoice
user4823@company.com,user5687@company.com,2023-01-01 08:46:00,Meeting
user8235@company.com,user2808@company.com,2023-01-01 14:50:00,Meeting
user4286@company.com,user2620@company.com,2023-01-01 15:39:00,Request
user1236@company.com,user1805@company.com,2023-01-01 13:58:00,Confidential
user4649@company.com,user9787@company.com,2023-01-01 14:10:00,Invoice
user8599@company.com,user4037@company.com,2023-01-01 19:09:00,Invoice
user9848@company.com,user5270@company.com,2023-01-01 14:19:00,Request
user5993@company.com,user1779@company.com,2023-01-01 19:14:00,Meeting
user8181@company.com,user5763@company.com,2023-01-01 16:37:00,Meeting
user3664@company.com,user4189@company.com,2023-01-01 12:50:00,Request
user3065@company.com,user3395@company.com,2023-01-01 15:34:00,Project Update
user8227@company.com,user8007@company.com,2023-01-01 08:25:00,Request
user4142@company.com,user6279@company.com,2023-01-01 18:28:00,Invoice
user7085@company.com,user9207@company.com,2023-01-01 19:39:00,Meeting
user9894@company.com,user2977@company.com,2023-01-01 11:41:00,Confidential
user6661@company.com,user8506@company.com,2023-01-01 07:30:00,Meeting
user5404@company.com,user7682@company.com,2023-01-01 17:36:00,Confidential
user5841@company.com,user1193@company.com,2023-01-01 10:05:00,Invoice
user4564@company.com,user6854@company.com,2023-01-01 10:27:00,Confidential
user6919@company.com,user2477@company.com,2023-01-01 08:13:00,Confidential
user202@company.com,user7100@company.com,2023-01-01 09:39:00,Invoice
user9669@company.com,user4516@company.com,2023-01-01 11:29:00,Meeting
user8170@company.com,user2215@company.com,2023-01-01 11:22:00,Invoice
user7970@company.com,user6387@company.com,2023-01-01 16:37:00,Request
user8754@company.com,user8184@company.com,2023-01-01 12:04:00,Project Update
user4673@company.com,user8660@company.com,2023-01-01 16:54:00,Meeting
user3315@company.com,user3646@company.com,2023-01-01 13:48:00,Meeting
user9275@company.com,user7072@company.com,2023-01-01 07:04:00,Invoice
user4452@company.com,user8072@company.com,2023-01-01 08:23:00,Request
user9397@company.com,user7511@company.com,2023-01-01 14:42:00,Project Update
user9428@company.com,user4237@company.com,2023-01-01 17:17:00,Invoice
user5961@company.com,user6433@company.com,2023-01-01 08:16:00,Project Update
user7444@company.com,user7434@company.com,2023-01-01 11:05:00,Request
user4613@company.com,user1690@company.com,2023-01-01 09:58:00,Confidential
user4130@company.com,user473@company.com,2023-01-01 12:54:00,Meeting
user5932@company.com,user2216@company.com,2023-01-01 16:14:00,Meeting
user2210@company.com,user7579@company.com,2023-01-01 13:37:00,Confidential
user3121@company.com,user967@company.com,2023-01-01 12:50:00,Confidential
user2959@company.com,user1954@company.com,2023-01-01 15:27:00,Invoice
user5527@company.com,user3625@company.com,2023-01-01 09:42:00,Confidential
user1512@company.com,user6588@company.com,2023-01-01 16:04:00,Confidential
user4222@company.com,user9384@company.com,2023-01-01 16:14:00,Request
user4554@company.com,user5656@company.com,2023-01-01 17:10:00,Meeting
user7324@company.com,user9726@company.com,2023-01-01 19:06:00,Request
user177@company.com,user5805@company.com,2023-01-01 12:50:00,Invoice
user8051@company.com,user833@company.com,2023-01-01 07:45:00,Confidential
user9155@company.com,user8671@company.com,2023-01-01 14:15:00,Project Update
user2303@company.com,user9218@company.com,2023-01-01 13:41:00,Meeting
user408@company.com,user5658@company.com,2023-01-01 18:26:00,Meeting
user3811@company.com,user6407@company.com,2023-01-01 11:03:00,Request
user7414@company.com,user6687@company.com,2023-01-01 09:48:00,Request
user2638@company.com,user7263@company.com,2023-01-01 08:59:00,Meeting
user9139@company.com,user9007@company.com,2023-01-01 09:59:00,Confidential
user4010@company.com,user2012@company.com,2023-01-01 07:46:00,Request
user6651@company.com,user8947@company.com,2023-01-01 14:58:00,Meeting
user6126@company.com,user4912@company.com,2023-01-01 07:28:00,Confidential
user4135@company.com,user8831@company.com,2023-01-01 15:46:00,Project Update
user6807@company.com,user8319@company.com,2023-01-01 09:59:00,Project Update
user4570@company.com,user3538@company.com,2023-01-01 09:53:00,Request
user1502@company.com,user2212@company.com,2023-01-01 14:31:00,Meeting
user1854@company.com,user7460@company.com,2023-01-01 19:29:00,Invoice
user2758@company.com,user7888@company.com,2023-01-01 15:38:00,Invoice
user3102@company.com,user7835@company.com,2023-01-01 15:43:00,Request
user7708@company.com,user2623@company.com,2023-01-01 11:08:00,Confidential
user5724@company.com,user8211@company.com,2023-01-01 19:05:00,Invoice
user410@company.com,user6264@company.com,2023-01-01 12:53:00,Project Update
user5432@company.com,user8947@company.com,2023-01-01 07:52:00,Request
user6058@company.com,user3513@company.com,2023-01-01 08:27:00,Invoice
user7229@company.com,user778@company.com,2023-01-01 12:39:00,Invoice
user9010@company.com,user9097@company.com,2023-01-01 14:21:00,Meeting
user4431@company.com,user589@company.com,2023-01-01 14:41:00,Meeting
user2950@company.com,user8808@company.com,2023-01-01 17:18:00,Invoice
user6162@company.com,user8897@company.com,2023-01-01 15:43:00,Request
user3854@company.com,user2353@company.com,2023-01-01 09:53:00,Request
user1069@company.com,user7861@company.com,2023-01-01 08:53:00,Project Update
user8989@company.com,user3061@company.com,2023-01-01 09:59:00,Request
user1962@company.com,user9265@company.com,2023-01-01 11:03:00,Meeting
user3325@company.com,user4209@company.com,2023-01-01 16:44:00,Confidential
user7496@company.com,user5877@company.com,2023-01-01 17:40:00,Request
user4061@company.com,user3458@company.com,2023-01-01 13:28:00,Request
user3794@company.com,user5852@company.com,2023-01-01 15:35:00,Invoice
user5590@company.com,user4488@company.com,2023-01-01 16:02:00,Request
user6720@company.com,user7998@company.com,2023-01-01 17:55:00,Request
user1546@company.com,user3433@company.com,2023-01-01 15:43:00,Meeting
user3808@company.com,user1714@company.com,2023-01-01 18:46:00,Project Update
user6676@company.com,user8187@company.com,2023-01-01 19:45:00,Confidential
user4607@company.com,user7406@company.com,2023-01-01 12:42:00,Request
user4086@company.com,user3991@company.com,2023-01-01 12:24:00,Confidential
user4035@company.com,user8495@company.com,2023-01-01 15:42:00,Meeting
user8359@company.com,user2711@company.com,2023-01-01 09:28:00,Project Update
user6539@company.com,user9511@company.com,2023-01-01 14:31:00,Confidential
user7959@company.com,user3870@company.com,2023-01-01 07:34:00,Invoice
user2955@company.com,user9487@company.com,2023-01-01 19:32:00,Invoice
user991@company.com,user7381@company.com,2023-01-01 14:02:00,Meeting
user3478@company.com,user7086@company.com,2023-01-01 15:05:00,Project Update
user4248@company.com,user6927@company.com,2023-01-01 19:14:00,Confidential
user4005@company.com,user2318@company.com,2023-01-01 18:01:00,Project Update
user5644@company.com,user4903@company.com,2023-01-01 13:04:00,Meeting
user1192@company.com,user4194@company.com,2023-01-01 18:37:00,Project Update
user2880@company.com,user2981@company.com,2023-01-01 15:41:00,Confidential
user7315@company.com,user3102@company.com,2023-01-01 08:42:00,Request
user4263@company.com,user1978@company.com,2023-01-01 17:41:00,Request
user4194@company.com,user9407@company.com,2023-01-01 09:41:00,Confidential
user5227@company.com,user1698@company.com,2023-01-01 08:34:00,Invoice
user8257@company.com,user911@company.com,2023-01-01 09:00:00,Meeting
user3483@company.com,user1510@company.com,2023-01-01 12:40:00,Meeting
user1664@company.com,user8945@company.com,2023-01-01 07:36:00,Confidential
user1145@company.com,user2559@company.com,2023-01-01 11:59:00,Request
user2529@company.com,user1012@company.com,2023-01-01 08:35:00,Invoice
user3792@company.com,user5318@company.com,2023-01-01 18:46:00,Request
user7776@company.com,user3680@company.com,2023-01-01 07:49:00,Request
user8532@company.com,user885@company.com,2023-01-01 13:20:00,Confidential
user2389@company.com,user7909@company.com,2023-01-01 10:33:00,Project Update
user1695@company.com,user6820@company.com,2023-01-01 18:21:00,Request
user5025@company.com,user5922@company.com,2023-01-01 13:12:00,Meeting
user4106@company.com,user5670@company.com,2023-01-01 11:47:00,Project Update
user5890@company.com,user3708@company.com,2023-01-01 13:00:00,Confidential
user5361@company.com,user6915@company.com,2023-01-01 15:06:00,Invoice
user4274@company.com,user137@company.com,2023-01-01 16:33:00,Invoice
user2583@company.com,user1581@company.com,2023-01-01 14:45:00,Confidential
user2981@company.com,user9275@company.com,2023-01-01 13:08:00,Meeting
user9476@company.com,user3044@company.com,2023-01-01 10:46:00,Invoice
user6753@company.com,user7875@company.com,2023-01-01 08:34:00,Invoice
user4460@company.com,user6831@company.com,2023-01-01 08:42:00,Confidential
user3107@company.com,user2300@company.com,2023-01-01 14:19:00,Meeting
user416@company.com,user7275@company.com,2023-01-01 13:46:00,Confidential
user7310@company.com,user4131@company.com,2023-01-01 17:00:00,Project Update
user1631@company.com,user8505@company.com,2023-01-01 18:59:00,Invoice
user7606@company.com,user6989@company.com,2023-01-01 13:37:00,Request
user5992@company.com,user3131@company.com,2023-01-01 12:36:00,Confidential
user385@company.com,user7271@company.com,2023-01-01 08:09:00,Invoice
user876@company.com,user9012@company.com,2023-01-01 11:42:00,Confidential
user6269@company.com,user5877@company.com,2023-01-01 18:09:00,Project Update
user5687@company.com,user6251@company.com,2023-01-01 09:11:00,Invoice
user7440@company.com,user2048@company.com,2023-01-01 15:03:00,Meeting
user8450@company.com,user8649@company.com,2023-01-01 08:51:00,Invoice
user3921@company.com,user7476@company.com,2023-01-01 08:03:00,Invoice
user5195@company.com,user8570@company.com,2023-01-01 09:24:00,Project Update
user9696@company.com,user6589@company.com,2023-01-01 18:02:00,Project Update
user7453@company.com,user5168@company.com,2023-01-01 07:29:00,Request
user7439@company.com,user5507@company.com,2023-01-01 19:55:00,Meeting
user2637@company.com,user1214@company.com,2023-01-01 14:32:00,Project Update
user6763@company.com,user6709@company.com,2023-01-01 14:28:00,Invoice
user8207@company.com,user1152@company.com,2023-01-01 15:37:00,Meeting
user186@company.com,user1100@company.com,2023-01-01 13:12:00,Confidential
user8230@company.com,user4450@company.com,2023-01-01 09:55:00,Confidential
user3956@company.com,user3471@company.com,2023-01-01 13:05:00,Request
user9607@company.com,user1551@company.com,2023-01-01 10:20:00,Invoice
user9765@company.com,user7136@company.com,2023-01-01 12:29:00,Meeting
user7625@company.com,user2372@company.com,2023-01-01 15:31:00,Request
user1842@company.com,user8261@company.com,2023-01-01 19:57:00,Invoice
user1875@company.com,user4986@company.com,2023-01-01 14:24:00,Meeting
user3887@company.com,user8345@company.com,2023-01-01 07:10:00,Confidential
user8001@company.com,user950@company.com,2023-01-01 19:54:00,Request
user4742@company.com,user6672@company.com,2023-01-01 08:35:00,Confidential
user7574@company.com,user7928@company.com,2023-01-01 08:56:00,Confidential
user4563@company.com,user1191@company.com,2023-01-01 15:07:00,Invoice
user6881@company.com,user852@company.com,2023-01-01 11:56:00,Request
user9481@company.com,user1427@company.com,2023-01-01 09:37:00,Meeting
user7033@company.com,user3279@company.com,2023-01-01 19:09:00,Meeting
user8499@company.com,user484@company.com,2023-01-01 18:42:00,Meeting
user9942@company.com,user7339@company.com,2023-01-01 16:51:00,Request
user75@company.com,user1198@company.com,2023-01-01 10:48:00,Invoice
user7959@company.com,user2473@company.com,2023-01-01 18:52:00,Project Update
user9254@company.com,user7111@company.com,2023-01-01 14:58:00,Meeting
user8819@company.com,user6914@company.com,2023-01-01 13:30:00,Invoice
user1107@company.com,user7064@company.com,2023-01-01 12:13:00,Confidential
user6356@company.com,user7494@company.com,2023-01-01 07:15:00,Request
user2836@company.com,user7881@company.com,2023-01-01 11:39:00,Request
user1407@company.com,user4865@company.com,2023-01-01 10:34:00,Meeting
user7249@company.com,user5231@company.com,2023-01-01 07:21:00,Meeting
user228@company.com,user9019@company.com,2023-01-01 17:12:00,Meeting
user6158@company.com,user606@company.com,2023-01-01 08:18:00,Confidential
user8025@company.com,user1833@company.com,2023-01-01 12:04:00,Project Update
user8845@company.com,user9191@company.com,2023-01-01 15:35:00,Meeting
user7997@company.com,user860@company.com,2023-01-01 10:10:00,Meeting
user4861@company.com,user8286@company.com,2023-01-01 16:04:00,Meeting
user6171@company.com,user639@company.com,2023-01-01 11:56:00,Meeting
user7359@company.com,user4387@company.com,2023-01-01 12:23:00,Confidential
user6473@company.com,user7149@company.com,2023-01-01 19:58:00,Meeting
user9335@company.com,user4970@company.com,2023-01-01 07:34:00,Project Update
user9356@company.com,user2135@company.com,2023-01-01 14:21:00,Request
user4491@company.com,user8536@company.com,2023-01-01 09:31:00,Confidential
user6044@company.com,user9714@company.com,2023-01-01 11:57:00,Confidential
user9890@company.com,user3048@company.com,2023-01-01 09:29:00,Project Update
user1362@company.com,user9682@company.com,2023-01-01 09:16:00,Confidential
user7591@company.com,user5817@company.com,2023-01-01 16:20:00,Confidential
user6274@company.com,user3368@company.com,2023-01-01 10:30:00,Project Update
user1170@company.com,user9842@company.com,2023-01-01 10:20:00,Project Update
user7599@company.com,user503@company.com,2023-01-01 15:29:00,Project Update
user6821@company.com,user5134@company.com,2023-01-01 07:33:00,Project Update
user7664@company.com,user812@company.com,2023-01-01 10:51:00,Confidential
user6479@company.com,user1119@company.com,2023-01-01 10:20:00,Meeting
user4717@company.com,user2502@company.com,2023-01-01 15:06:00,Confidential
user9508@company.com,user4509@company.com,2023-01-01 12:15:00,Request
user4242@company.com,user5156@company.com,2023-01-01 12:19:00,Meeting
user7610@company.com,user2188@company.com,2023-01-01 11:17:00,Confidential
user5666@company.com,user3323@company.com,2023-01-01 19:39:00,Request
user7336@company.com,user9546@company.com,2023-01-01 18:47:00,Meeting
user553@company.com,user1472@company.com,2023-01-01 11:56:00,Request
user2428@company.com,user2752@company.com,2023-01-01 10:30:00,Request
user2950@company.com,user6016@company.com,2023-01-01 17:36:00,Request
user6245@company.com,user8745@company.com,2023-01-01 13:42:00,Invoice
user137@company.com,user6218@company.com,2023-01-01 13:01:00,Project Update
user1404@company.com,user6587@company.com,2023-01-01 12:21:00,Request
user6534@company.com,user5798@company.com,2023-01-01 08:05:00,Invoice
user478@company.com,user3897@company.com,2023-01-01 12:23:00,Invoice
user9053@company.com,user1687@company.com,2023-01-01 19:54:00,Request
user916@company.com,user840@company.com,2023-01-01 13:25:00,Project Update
user5825@company.com,user6937@company.com,2023-01-01 17:48:00,Confidential
user7866@company.com,user3044@company.com,2023-01-01 17:06:00,Meeting
user7149@company.com,user291@company.com,2023-01-01 07:34:00,Invoice
user3504@company.com,user8847@company.com,2023-01-01 07:58:00,Project Update
user6965@company.com,user4025@company.com,2023-01-01 18:38:00,Request
user3834@company.com,user8095@company.com,2023-01-01 15:08:00,Meeting
user6913@company.com,user9586@company.com,2023-01-01 18:07:00,Project Update
user9885@company.com,user8184@company.com,2023-01-01 17:33:00,Confidential
user2768@company.com,user1063@company.com,2023-01-01 16:06:00,Confidential
user3243@company.com,user109@company.com,2023-01-01 18:42:00,Request
user1805@company.com,user7079@company.com,2023-01-01 12:05:00,Confidential
user8906@company.com,user688@company.com,2023-01-01 07:17:00,Confidential
user3017@company.com,user1668@company.com,2023-01-01 12:12:00,Invoice
user7730@company.com,user523@company.com,2023-01-01 07:39:00,Meeting
user5413@company.com,user8333@company.com,2023-01-01 14:56:00,Project Update
user7944@company.com,user961@company.com,2023-01-01 09:00:00,Project Update
user5757@company.com,user5368@company.com,2023-01-01 17:23:00,Project Update
user1780@company.com,user8906@company.com,2023-01-01 14:33:00,Request
user194@company.com,user934@company.com,2023-01-01 17:20:00,Meeting
user9657@company.com,user9925@company.com,2023-01-01 19:16:00,Meeting
user3685@company.com,user2148@company.com,2023-01-01 12:22:00,Invoice
user3310@company.com,user3225@company.com,2023-01-01 11:38:00,Meeting
user3452@company.com,user2853@company.com,2023-01-01 17:50:00,Project Update
user2836@company.com,user4954@company.com,2023-01-01 10:50:00,Project Update
user2311@company.com,user5424@company.com,2023-01-01 15:42:00,Meeting
user4033@company.com,user272@company.com,2023-01-01 10:25:00,Project Update
user3914@company.com,user2214@company.com,2023-01-01 09:31:00,Confidential
user9497@company.com,user241@company.com,2023-01-01 11:52:00,Confidential
user4320@company.com,user4885@company.com,2023-01-01 14:57:00,Meeting
user196@company.com,user9914@company.com,2023-01-01 17:46:00,Request
user1670@company.com,user1983@company.com,2023-01-01 07:53:00,Confidential
user9115@company.com,user219@company.com,2023-01-01 19:46:00,Request
user7996@company.com,user6869@company.com,2023-01-01 13:30:00,Request
user4997@company.com,user5564@company.com,2023-01-01 10:59:00,Meeting
user4756@company.com,user3133@company.com,2023-01-01 18:15:00,Invoice
user7537@company.com,user8395@company.com,2023-01-01 11:14:00,Confidential
user646@company.com,user1144@company.com,2023-01-01 17:04:00,Request
user752@company.com,user3264@company.com,2023-01-01 10:47:00,Confidential
user1369@company.com,user3353@company.com,2023-01-01 13:13:00,Confidential
user5345@company.com,user394@company.com,2023-01-01 13:01:00,Invoice
user986@company.com,user3616@company.com,2023-01-01 10:46:00,Invoice
user1598@company.com,user1846@company.com,2023-01-01 13:15:00,Confidential
user9116@company.com,user4713@company.com,2023-01-01 12:43:00,Confidential
user3850@company.com,user6759@company.com,2023-01-01 19:55:00,Meeting
user5754@company.com,user3951@company.com,2023-01-01 07:15:00,Invoice
user2059@company.com,user7094@company.com,2023-01-01 19:55:00,Project Update
user2766@company.com,user7218@company.com,2023-01-01 10:11:00,Meeting
user6578@company.com,user9976@company.com,2023-01-01 09:56:00,Confidential
user2212@company.com,user8480@company.com,2023-01-01 14:01:00,Meeting
user3022@company.com,user9901@company.com,2023-01-01 11:47:00,Project Update
user267@company.com,user9625@company.com,2023-01-01 18:31:00,Invoice
user1332@company.com,user1143@company.com,2023-01-01 07:49:00,Meeting
user9316@company.com,user3885@company.com,2023-01-01 16:40:00,Invoice
user186@company.com,user9417@company.com,2023-01-01 19:50:00,Request
user6765@company.com,user5767@company.com,2023-01-01 13:29:00,Request
user9311@company.com,user5871@company.com,2023-01-01 17:24:00,Invoice
user5816@company.com,user9935@company.com,2023-01-01 17:33:00,Project Update
user7237@company.com,user1050@company.com,2023-01-01 10:56:00,Project Update
user3641@company.com,user2637@company.com,2023-01-01 16:09:00,Request
user4782@company.com,user4886@company.com,2023-01-01 09:46:00,Meeting
user1759@company.com,user3474@company.com,2023-01-01 15:18:00,Meeting
user3565@company.com,user2094@company.com,2023-01-01 08:49:00,Meeting
user3774@company.com,user612@company.com,2023-01-01 07:41:00,Project Update
user4741@company.com,user2714@company.com,2023-01-01 16:21:00,Confidential
user24@company.com,user3112@company.com,2023-01-01 07:48:00,Meeting
user9769@company.com,user3257@company.com,2023-01-01 17:00:00,Request
user5541@company.com,user8253@company.com,2023-01-01 14:41:00,Meeting
user433@company.com,user2782@company.com,2023-01-01 07:49:00,Confidential
user5826@company.com,user2510@company.com,2023-01-01 07:01:00,Meeting
user5335@company.com,user5853@company.com,2023-01-01 13:38:00,Meeting
user1374@company.com,user8380@company.com,2023-01-01 13:00:00,Confidential
user2656@company.com,user3651@company.com,2023-01-01 17:50:00,Project Update
user4353@company.com,user3962@company.com,2023-01-01 15:30:00,Invoice
user4943@company.com,user3785@company.com,2023-01-01 14:54:00,Meeting
user115@company.com,user5744@company.com,2023-01-01 10:22:00,Request
user6878@company.com,user2165@company.com,2023-01-01 14:26:00,Meeting
user235@company.com,user574@company.com,2023-01-01 18:37:00,Confidential
user6258@company.com,user3758@company.com,2023-01-01 19:40:00,Meeting
user5330@company.com,user2248@company.com,2023-01-01 14:42:00,Meeting
user9949@company.com,user7208@company.com,2023-01-01 13:31:00,Invoice
user9001@company.com,user8984@company.com,2023-01-01 08:14:00,Request
user1551@company.com,user4494@company.com,2023-01-01 09:55:00,Project Update
user3785@company.com,user8175@company.com,2023-01-01 12:49:00,Confidential
user5081@company.com,user1026@company.com,2023-01-01 19:19:00,Meeting
user1146@company.com,user4871@company.com,2023-01-01 07:06:00,Meeting
user9656@company.com,user8653@company.com,2023-01-01 15:30:00,Request
user5058@company.com,user2651@company.com,2023-01-01 16:23:00,Meeting
user3312@company.com,user7569@company.com,2023-01-01 08:32:00,Request
user4188@company.com,user3071@company.com,2023-01-01 15:56:00,Invoice
user195@company.com,user8796@company.com,2023-01-01 18:40:00,Request
user8298@company.com,user6011@company.com,2023-01-01 13:43:00,Meeting
user8221@company.com,user133@company.com,2023-01-01 09:42:00,Request
user5500@company.com,user2435@company.com,2023-01-01 08:09:00,Project Update
user801@company.com,user4700@company.com,2023-01-01 17:05:00,Confidential
user4374@company.com,user9081@company.com,2023-01-01 18:23:00,Project Update
user6028@company.com,user5767@company.com,2023-01-01 16:54:00,Confidential
user4288@company.com,user8854@company.com,2023-01-01 14:52:00,Project Update
user3086@company.com,user2219@company.com,2023-01-01 08:33:00,Confidential
user245@company.com,user3916@company.com,2023-01-01 16:23:00,Project Update
user8980@company.com,user9023@company.com,2023-01-01 15:33:00,Invoice
user2698@company.com,user3797@company.com,2023-01-01 17:54:00,Invoice
user4343@company.com,user144@company.com,2023-01-01 09:46:00,Project Update
user6748@company.com,user9425@company.com,2023-01-01 15:44:00,Project Update
user6973@company.com,user9041@company.com,2023-01-01 08:14:00,Invoice
user6383@company.com,user3343@company.com,2023-01-01 17:45:00,Confidential
user2398@company.com,user2341@company.com,2023-01-01 11:43:00,Invoice
user7090@company.com,user3009@company.com,2023-01-01 13:21:00,Invoice
user6743@company.com,user1994@company.com,2023-01-01 12:42:00,Confidential
user7384@company.com,user2103@company.com,2023-01-01 19:57:00,Meeting
user5538@company.com,user5642@company.com,2023-01-01 08:30:00,Meeting
user7560@company.com,user4597@company.com,2023-01-01 18:35:00,Invoice
user7461@company.com,user9751@company.com,2023-01-01 17:11:00,Confidential
user703@company.com,user5789@company.com,2023-01-01 16:38:00,Invoice
user4559@company.com,user6192@company.com,2023-01-01 08:28:00,Meeting
user5167@company.com,user3712@company.com,2023-01-01 13:03:00,Confidential
user8199@company.com,user4702@company.com,2023-01-01 11:31:00,Project Update
user6918@company.com,user8017@company.com,2023-01-01 11:00:00,Request
user1040@company.com,user2571@company.com,2023-01-01 13:01:00,Meeting
user8311@company.com,user7459@company.com,2023-01-01 17:03:00,Project Update
user7332@company.com,user1065@company.com,2023-01-01 08:01:00,Confidential
user4855@company.com,user8335@company.com,2023-01-01 07:57:00,Meeting
user3185@company.com,user2375@company.com,2023-01-01 12:43:00,Request
user6503@company.com,user9227@company.com,2023-01-01 16:51:00,Request
user263@company.com,user1016@company.com,2023-01-01 19:34:00,Request
user1618@company.com,user4664@company.com,2023-01-01 15:19:00,Request
user9898@company.com,user5093@company.com,2023-01-01 13:43:00,Invoice
user4295@company.com,user1208@company.com,2023-01-01 18:04:00,Meeting
user4544@company.com,user2860@company.com,2023-01-01 09:38:00,Confidential
user969@company.com,user6955@company.com,2023-01-01 19:39:00,Project Update
user4091@company.com,user9114@company.com,2023-01-01 09:50:00,Project Update
user7767@company.com,user2597@company.com,2023-01-01 18:49:00,Request
user5126@company.com,user2364@company.com,2023-01-01 18:04:00,Request
user6748@company.com,user7055@company.com,2023-01-01 14:33:00,Meeting
user3472@company.com,user9512@company.com,2023-01-01 13:30:00,Invoice
user7045@company.com,user7441@company.com,2023-01-01 13:45:00,Invoice
user9582@company.com,user4764@company.com,2023-01-01 17:56:00,Request
user6509@company.com,user3673@company.com,2023-01-01 14:35:00,Confidential
user8674@company.com,user5728@company.com,2023-01-01 12:37:00,Confidential
user1801@company.com,user1320@company.com,2023-01-01 19:33:00,Request
user7888@company.com,user2146@company.com,2023-01-01 11:45:00,Request
user1864@company.com,user8687@company.com,2023-01-01 18:28:00,Project Update
user7102@company.com,user3261@company.com,2023-01-01 10:30:00,Request
user7468@company.com,user4288@company.com,2023-01-01 14:09:00,Confidential
user7256@company.com,user3469@company.com,2023-01-01 09:53:00,Confidential
user8502@company.com,user1794@company.com,2023-01-01 10:26:00,Project Update
user5518@company.com,user3641@company.com,2023-01-01 13:19:00,Project Update
user7916@company.com,user6420@company.com,2023-01-01 09:02:00,Meeting
user8825@company.com,user2534@company.com,2023-01-01 18:01:00,Confidential
user5038@company.com,user9622@company.com,2023-01-01 12:45:00,Request
user6696@company.com,user2976@company.com,2023-01-01 18:54:00,Invoice
user1460@company.com,user4030@company.com,2023-01-01 19:09:00,Invoice
user5629@company.com,user9830@company.com,2023-01-01 18:06:00,Meeting
user3935@company.com,user1195@company.com,2023-01-01 11:42:00,Project Update
user4417@company.com,user2776@company.com,2023-01-01 08:51:00,Invoice
user8530@company.com,user2428@company.com,2023-01-01 12:54:00,Invoice
user5601@company.com,user1921@company.com,2023-01-01 11:14:00,Invoice
user3569@company.com,user8878@company.com,2023-01-01 09:22:00,Project Update
user928@company.com,user8638@company.com,2023-01-01 18:24:00,Request
user9635@company.com,user2080@company.com,2023-01-01 07:22:00,Project Update
user983@company.com,user3167@company.com,2023-01-01 11:44:00,Project Update
user5896@company.com,user9703@company.com,2023-01-01 11:48:00,Request
user2244@company.com,user8904@company.com,2023-01-01 10:18:00,Request
user4643@company.com,user2496@company.com,2023-01-01 15:15:00,Invoice
user2220@company.com,user7251@company.com,2023-01-01 07:26:00,Project Update
user7309@company.com,user7904@company.com,2023-01-01 17:46:00,Project Update
user4507@company.com,user9838@company.com,2023-01-01 14:25:00,Invoice
user2340@company.com,user3796@company.com,2023-01-01 13:39:00,Project Update
user8073@company.com,user763@company.com,2023-01-01 10:49:00,Meeting
user5120@company.com,user2838@company.com,2023-01-01 09:14:00,Invoice
user1140@company.com,user7529@company.com,2023-01-01 17:29:00,Request
user2490@company.com,user1308@company.com,2023-01-01 17:06:00,Confidential
user973@company.com,user591@company.com,2023-01-01 12:10:00,Invoice
user5149@company.com,user6446@company.com,2023-01-01 07:39:00,Project Update
user1550@company.com,user2610@company.com,2023-01-01 19:30:00,Project Update
user7888@company.com,user2786@company.com,2023-01-01 07:36:00,Request
user4726@company.com,user265@company.com,2023-01-01 09:28:00,Project Update
user9421@company.com,user4442@company.com,2023-01-01 10:05:00,Invoice
user2787@company.com,user1920@company.com,2023-01-01 08:48:00,Request
user8026@company.com,user2011@company.com,2023-01-01 14:33:00,Confidential
user3000@company.com,user5653@company.com,2023-01-01 17:25:00,Project Update
user6032@company.com,user6678@company.com,2023-01-01 10:27:00,Request
user8895@company.com,user6531@company.com,2023-01-01 11:42:00,Confidential
user5540@company.com,user292@company.com,2023-01-01 11:48:00,Invoice
user6155@company.com,user9419@company.com,2023-01-01 13:00:00,Confidential
user2622@company.com,user8484@company.com,2023-01-01 12:14:00,Confidential
user7993@company.com,user5070@company.com,2023-01-01 16:10:00,Request
user1101@company.com,user8661@company.com,2023-01-01 14:04:00,Project Update
user3305@company.com,user6732@company.com,2023-01-01 10:22:00,Invoice
user3132@company.com,user1921@company.com,2023-01-01 10:15:00,Project Update
user1511@company.com,user2317@company.com,2023-01-01 17:59:00,Confidential
user853@company.com,user7157@company.com,2023-01-01 18:50:00,Invoice
user5244@company.com,user5073@company.com,2023-01-01 14:56:00,Request
user3356@company.com,user9359@company.com,2023-01-01 18:41:00,Request
user321@company.com,user4573@company.com,2023-01-01 16:30:00,Request
user1466@company.com,user297@company.com,2023-01-01 10:02:00,Meeting
user3698@company.com,user7778@company.com,2023-01-01 16:38:00,Project Update
user6630@company.com,user1163@company.com,2023-01-01 15:21:00,Project Update
user2635@company.com,user7583@company.com,2023-01-01 13:28:00,Project Update
user7024@company.com,user4217@company.com,2023-01-01 11:54:00,Project Update
user9790@company.com,user3437@company.com,2023-01-01 19:01:00,Invoice
user7884@company.com,user7211@company.com,2023-01-01 13:53:00,Project Update
user4768@company.com,user202@company.com,2023-01-01 13:37:00,Meeting
user6420@company.com,user364@company.com,2023-01-01 07:22:00,Invoice
user2534@company.com,user9142@company.com,2023-01-01 13:13:00,Invoice
user8004@company.com,user4601@company.com,2023-01-01 07:52:00,Request
user8251@company.com,user5527@company.com,2023-01-01 08:28:00,Invoice
user4351@company.com,user4865@company.com,2023-01-01 11:04:00,Meeting
user8636@company.com,user8944@company.com,2023-01-01 09:20:00,Request
user2966@company.com,user4021@company.com,2023-01-01 19:42:00,Invoice
user5626@company.com,user2370@company.com,2023-01-01 13:14:00,Confidential
user3369@company.com,user4020@company.com,2023-01-01 15:49:00,Project Update
user6281@company.com,user1641@company.com,2023-01-01 14:30:00,Request
user9841@company.com,user8397@company.com,2023-01-01 16:02:00,Invoice
user3422@company.com,user8754@company.com,2023-01-01 18:05:00,Project Update
user169@company.com,user6499@company.com,2023-01-01 10:06:00,Project Update
user5163@company.com,user9768@company.com,2023-01-01 17:47:00,Invoice
user458@company.com,user7563@company.com,2023-01-01 19:25:00,Project Update
user4182@company.com,user78@company.com,2023-01-01 17:16:00,Request
user7029@company.com,user8292@company.com,2023-01-01 14:07:00,Confidential
user9768@company.com,user973@company.com,2023-01-01 14:50:00,Meeting
user3693@company.com,user9116@company.com,2023-01-01 09:51:00,Project Update
user933@company.com,user9834@company.com,2023-01-01 09:03:00,Project Update
user1763@company.com,user1910@company.com,2023-01-01 11:38:00,Request
user9859@company.com,user2260@company.com,2023-01-01 08:43:00,Confidential
user9090@company.com,user5719@company.com,2023-01-01 07:36:00,Request
user9866@company.com,user4579@company.com,2023-01-01 14:39:00,Meeting
user8535@company.com,user3601@company.com,2023-01-01 17:24:00,Invoice
user6405@company.com,user9863@company.com,2023-01-01 07:40:00,Confidential
user1851@company.com,user229@company.com,2023-01-01 16:27:00,Project Update
user3620@company.com,user3834@company.com,2023-01-01 15:46:00,Meeting
user2419@company.com,user3434@company.com,2023-01-01 15:40:00,Meeting
user2994@company.com,user3928@company.com,2023-01-01 12:13:00,Confidential
user5191@company.com,user5339@company.com,2023-01-01 17:31:00,Meeting
user7620@company.com,user609@company.com,2023-01-01 12:39:00,Meeting
user5194@company.com,user461@company.com,2023-01-01 17:04:00,Request
user8770@company.com,user7280@company.com,2023-01-01 09:02:00,Confidential
user6578@company.com,user5898@company.com,2023-01-01 19:52:00,Confidential
user8132@company.com,user6655@company.com,2023-01-01 14:46:00,Confidential
user8959@company.com,user8265@company.com,2023-01-01 14:07:00,Meeting
user163@company.com,user8395@company.com,2023-01-01 17:16:00,Request
user3456@company.com,user9879@company.com,2023-01-01 14:08:00,Project Update
user646@company.com,user6420@company.com,2023-01-01 18:27:00,Meeting
user2131@company.com,user5483@company.com,2023-01-01 13:32:00,Request
user8862@company.com,user6160@company.com,2023-01-01 12:28:00,Invoice
user8215@company.com,user9603@company.com,2023-01-01 19:49:00,Meeting
user6566@company.com,user7625@company.com,2023-01-01 17:01:00,Confidential
user1076@company.com,user9295@company.com,2023-01-01 18:54:00,Confidential
user5866@company.com,user135@company.com,2023-01-01 07:13:00,Request
user1260@company.com,user4896@company.com,2023-01-01 17:03:00,Invoice
user3359@company.com,user9148@company.com,2023-01-01 15:00:00,Project Update
user5793@company.com,user3351@company.com,2023-01-01 08:22:00,Project Update
user171@company.com,user5905@company.com,2023-01-01 18:34:00,Meeting
user6077@company.com,user3117@company.com,2023-01-01 11:44:00,Request
user5257@company.com,user9089@company.com,2023-01-01 11:50:00,Meeting
user5414@company.com,user5380@company.com,2023-01-01 13:04:00,Invoice
user1037@company.com,user7234@company.com,2023-01-01 15:19:00,Meeting
user7394@company.com,user6390@company.com,2023-01-01 07:06:00,Request
user3248@company.com,user3063@company.com,2023-01-01 19:22:00,Confidential
user9351@company.com,user8381@company.com,2023-01-01 08:44:00,Confidential
user9772@company.com,user5818@company.com,2023-01-01 18:42:00,Meeting
user5999@company.com,user2449@company.com,2023-01-01 11:43:00,Confidential
user9720@company.com,user3116@company.com,2023-01-01 19:43:00,Confidential
user848@company.com,user4265@company.com,2023-01-01 19:45:00,Meeting
user5375@company.com,user9384@company.com,2023-01-01 16:01:00,Invoice
user119@company.com,user1130@company.com,2023-01-01 16:59:00,Meeting
user9394@company.com,user5125@company.com,2023-01-01 18:51:00,Request
user9413@company.com,user8350@company.com,2023-01-01 08:45:00,Request
user4768@company.com,user3865@company.com,2023-01-01 18:11:00,Invoice
user5039@company.com,user5932@company.com,2023-01-01 14:45:00,Invoice
user3836@company.com,user5112@company.com,2023-01-01 17:11:00,Invoice
user9682@company.com,user5815@company.com,2023-01-01 17:04:00,Meeting
user2556@company.com,user9126@company.com,2023-01-01 13:48:00,Request
user5470@company.com,user2333@company.com,2023-01-01 16:48:00,Meeting
user8213@company.com,user2629@company.com,2023-01-01 08:03:00,Confidential
user2527@company.com,user8825@company.com,2023-01-01 13:35:00,Invoice
user2222@company.com,user1616@company.com,2023-01-01 17:02:00,Project Update
user7490@company.com,user3671@company.com,2023-01-01 12:38:00,Project Update
user1252@company.com,user3315@company.com,2023-01-01 09:46:00,Invoice
user7562@company.com,user374@company.com,2023-01-01 17:48:00,Invoice
user4703@company.com,user1386@company.com,2023-01-01 19:16:00,Request
user2348@company.com,user2434@company.com,2023-01-01 11:48:00,Meeting
user300@company.com,user3003@company.com,2023-01-01 12:39:00,Invoice
user8263@company.com,user8556@company.com,2023-01-01 15:23:00,Invoice
user7271@company.com,user3424@company.com,2023-01-01 16:54:00,Meeting
user9922@company.com,user8001@company.com,2023-01-01 11:10:00,Confidential
user123@company.com,user8906@company.com,2023-01-01 12:22:00,Project Update
user2221@company.com,user6444@company.com,2023-01-01 09:48:00,Invoice
user9616@company.com,user1794@company.com,2023-01-01 11:48:00,Meeting
user5192@company.com,user3568@company.com,2023-01-01 19:36:00,Invoice
user9754@company.com,user5220@company.com,2023-01-01 13:38:00,Project Update
user7618@company.com,user2649@company.com,2023-01-01 07:30:00,Project Update
user4052@company.com,user7134@company.com,2023-01-01 18:31:00,Request
user9130@company.com,user8252@company.com,2023-01-01 16:50:00,Meeting
user7770@company.com,user3175@company.com,2023-01-01 13:14:00,Project Update
user1577@company.com,user5654@company.com,2023-01-01 17:11:00,Confidential
user7919@company.com,user3292@company.com,2023-01-01 14:18:00,Request
user1525@company.com,user2014@company.com,2023-01-01 15:19:00,Invoice
user8951@company.com,user8102@company.com,2023-01-01 15:37:00,Project Update
user5856@company.com,user2460@company.com,2023-01-01 16:06:00,Request
user4656@company.com,user4742@company.com,2023-01-01 07:36:00,Project Update
user1001@company.com,user2752@company.com,2023-01-01 12:51:00,Invoice
user8453@company.com,user7487@company.com,2023-01-01 15:09:00,Invoice
user7595@company.com,user3262@company.com,2023-01-01 08:13:00,Project Update
user2937@company.com,user2565@company.com,2023-01-01 19:01:00,Meeting
user7418@company.com,user4029@company.com,2023-01-01 17:22:00,Invoice
user691@company.com,user5988@company.com,2023-01-01 17:14:00,Meeting
user4142@company.com,user3@company.com,2023-01-01 19:06:00,Confidential
user4553@company.com,user7540@company.com,2023-01-01 15:46:00,Invoice
user997@company.com,user6822@company.com,2023-01-01 07:39:00,Meeting
user3244@company.com,user8184@company.com,2023-01-01 08:39:00,Request
user6235@company.com,user5785@company.com,2023-01-01 15:58:00,Invoice
user1163@company.com,user347@company.com,2023-01-01 09:45:00,Project Update
user4734@company.com,user6566@company.com,2023-01-01 12:16:00,Request
user1728@company.com,user9239@company.com,2023-01-01 19:49:00,Meeting
user2842@company.com,user2733@company.com,2023-01-01 07:50:00,Confidential
user1099@company.com,user5784@company.com,2023-01-01 09:43:00,Invoice
user488@company.com,user1305@company.com,2023-01-01 16:51:00,Project Update
user7171@company.com,user7903@company.com,2023-01-01 16:59:00,Request
user7247@company.com,user9243@company.com,2023-01-01 12:01:00,Invoice
user7637@company.com,user520@company.com,2023-01-01 07:55:00,Confidential
user3006@company.com,user2301@company.com,2023-01-01 12:52:00,Project Update
user1245@company.com,user7400@company.com,2023-01-01 14:21:00,Request
user1273@company.com,user7617@company.com,2023-01-01 17:18:00,Request
user9723@company.com,user611@company.com,2023-01-01 16:59:00,Meeting
user3264@company.com,user9224@company.com,2023-01-01 19:52:00,Meeting
user6698@company.com,user281@company.com,2023-01-01 18:19:00,Invoice
user7944@company.com,user294@company.com,2023-01-01 14:46:00,Project Update
user6873@company.com,user7098@company.com,2023-01-01 07:46:00,Invoice
user8078@company.com,user6229@company.com,2023-01-01 12:08:00,Confidential
user3371@company.com,user9464@company.com,2023-01-01 19:50:00,Request
user4036@company.com,user1157@company.com,2023-01-01 18:06:00,Meeting
user5330@company.com,user9710@company.com,2023-01-01 15:55:00,Meeting
user2282@company.com,user1402@company.com,2023-01-01 15:45:00,Request
user8781@company.com,user7356@company.com,2023-01-01 19:00:00,Project Update
user7076@company.com,user2555@company.com,2023-01-01 17:18:00,Invoice
user4402@company.com,user5634@company.com,2023-01-01 08:25:00,Request
user6741@company.com,user1350@company.com,2023-01-01 10:31:00,Project Update
user3993@company.com,user4287@company.com,2023-01-01 07:52:00,Request
user4614@company.com,user9924@company.com,2023-01-01 14:33:00,Invoice
user3683@company.com,user1997@company.com,2023-01-01 12:45:00,Project Update
user2276@company.com,user7462@company.com,2023-01-01 17:18:00,Meeting
user9228@company.com,user3995@company.com,2023-01-01 16:45:00,Project Update
user9218@company.com,user1659@company.com,2023-01-01 17:47:00,Confidential
user5774@company.com,user4546@company.com,2023-01-01 12:37:00,Invoice
user8848@company.com,user390@company.com,2023-01-01 13:08:00,Project Update
user9472@company.com,user5181@company.com,2023-01-01 19:08:00,Confidential
user5479@company.com,user8200@company.com,2023-01-01 17:52:00,Confidential
user975@company.com,user7360@company.com,2023-01-01 09:22:00,Project Update
user9750@company.com,user3114@company.com,2023-01-01 10:40:00,Meeting
user353@company.com,user2432@company.com,2023-01-01 07:51:00,Confidential
user8961@company.com,user3043@company.com,2023-01-01 19:09:00,Project Update
user5263@company.com,user3518@company.com,2023-01-01 19:51:00,Request
user4630@company.com,user5518@company.com,2023-01-01 19:10:00,Request
user1827@company.com,user3385@company.com,2023-01-01 11:36:00,Confidential
user8430@company.com,user5191@company.com,2023-01-01 14:59:00,Invoice
user2454@company.com,user3661@company.com,2023-01-01 09:24:00,Confidential
user1407@company.com,user531@company.com,2023-01-01 10:35:00,Meeting
user1851@company.com,user1949@company.com,2023-01-01 15:26:00,Meeting
user123@company.com,user5236@company.com,2023-01-01 19:48:00,Project Update
user2101@company.com,user6096@company.com,2023-01-01 19:54:00,Invoice
user1079@company.com,user3969@company.com,2023-01-01 07:56:00,Request
user9614@company.com,user6426@company.com,2023-01-01 09:38:00,Invoice
user2951@company.com,user6675@company.com,2023-01-01 11:41:00,Request
user8163@company.com,user8052@company.com,2023-01-01 07:30:00,Project Update
user3584@company.com,user4778@company.com,2023-01-01 12:24:00,Meeting
user1184@company.com,user5833@company.com,2023-01-01 12:21:00,Meeting
user7947@company.com,user4195@company.com,2023-01-01 09:54:00,Project Update
user6544@company.com,user9334@company.com,2023-01-01 08:37:00,Invoice
user7947@company.com,user5821@company.com,2023-01-01 16:50:00,Invoice
user1879@company.com,user9307@company.com,2023-01-01 18:00:00,Invoice
user5288@company.com,user4329@company.com,2023-01-01 16:03:00,Confidential
user5279@company.com,user4933@company.com,2023-01-01 18:55:00,Confidential
user8620@company.com,user2401@company.com,2023-01-01 16:09:00,Invoice
user919@company.com,user8222@company.com,2023-01-01 15:24:00,Confidential
user6606@company.com,user1210@company.com,2023-01-01 17:06:00,Request
user7276@company.com,user942@company.com,2023-01-01 07:28:00,Invoice
user9082@company.com,user9949@company.com,2023-01-01 19:00:00,Project Update
user6809@company.com,user1498@company.com,2023-01-01 15:02:00,Meeting
user530@company.com,user3107@company.com,2023-01-01 08:23:00,Invoice
user7078@company.com,user7613@company.com,2023-01-01 14:55:00,Invoice
user3042@company.com,user1888@company.com,2023-01-01 13:12:00,Invoice
user2578@company.com,user4205@company.com,2023-01-01 18:17:00,Invoice
user5823@company.com,user473@company.com,2023-01-01 14:27:00,Invoice
user5023@company.com,user7480@company.com,2023-01-01 15:57:00,Request
user9461@company.com,user1597@company.com,2023-01-01 19:20:00,Invoice
user3951@company.com,user8772@company.com,2023-01-01 16:29:00,Confidential
user5941@company.com,user1926@company.com,2023-01-01 11:08:00,Invoice
user8195@company.com,user345@company.com,2023-01-01 14:47:00,Invoice
user2377@company.com,user2600@company.com,2023-01-01 08:10:00,Project Update
user3146@company.com,user7685@company.com,2023-01-01 18:13:00,Confidential
user200@company.com,user182@company.com,2023-01-01 08:19:00,Invoice
user3058@company.com,user3965@company.com,2023-01-01 09:15:00,Meeting
user1789@company.com,user4722@company.com,2023-01-01 09:40:00,Project Update
user4327@company.com,user1648@company.com,2023-01-01 14:37:00,Meeting
user9383@company.com,user5375@company.com,2023-01-01 10:32:00,Invoice
user3150@company.com,user245@company.com,2023-01-01 14:04:00,Request
user4978@company.com,user6726@company.com,2023-01-01 13:00:00,Request
user418@company.com,user3994@company.com,2023-01-01 18:21:00,Project Update
user4413@company.com,user9788@company.com,2023-01-01 07:41:00,Meeting
user3579@company.com,user3812@company.com,2023-01-01 08:15:00,Request
user3198@company.com,user6248@company.com,2023-01-01 18:02:00,Invoice
user7754@company.com,user2430@company.com,2023-01-01 18:48:00,Project Update
user7384@company.com,user3302@company.com,2023-01-01 08:04:00,Invoice
user6764@company.com,user8022@company.com,2023-01-01 13:43:00,Meeting
user3900@company.com,user8239@company.com,2023-01-01 13:22:00,Request
user2173@company.com,user6637@company.com,2023-01-01 10:01:00,Project Update
user6171@company.com,user1272@company.com,2023-01-01 15:03:00,Meeting
user564@company.com,user3526@company.com,2023-01-01 15:28:00,Request
user4498@company.com,user2583@company.com,2023-01-01 13:13:00,Invoice
user126@company.com,user5806@company.com,2023-01-01 11:48:00,Confidential
user5862@company.com,user6103@company.com,2023-01-01 08:21:00,Confidential
user8522@company.com,user3686@company.com,2023-01-01 09:11:00,Request
user9477@company.com,user1184@company.com,2023-01-01 18:51:00,Request
user1098@company.com,user2670@company.com,2023-01-01 15:56:00,Project Update
user9971@company.com,user1117@company.com,2023-01-01 19:58:00,Request
user1385@company.com,user7674@company.com,2023-01-01 14:44:00,Project Update
user1313@company.com,user9428@company.com,2023-01-01 18:33:00,Meeting
user7987@company.com,user7587@company.com,2023-01-01 17:50:00,Project Update
user7481@company.com,user9679@company.com,2023-01-01 12:25:00,Confidential
user8500@company.com,user5399@company.com,2023-01-01 17:35:00,Confidential
user6501@company.com,user7158@company.com,2023-01-01 08:09:00,Project Update
user7381@company.com,user8017@company.com,2023-01-01 18:47:00,Invoice
user4231@company.com,user5089@company.com,2023-01-01 08:22:00,Confidential
user5898@company.com,user7369@company.com,2023-01-01 11:13:00,Confidential
user5504@company.com,user9831@company.com,2023-01-01 15:11:00,Invoice
user8732@company.com,user1224@company.com,2023-01-01 10:09:00,Request
user1908@company.com,user8287@company.com,2023-01-01 07:50:00,Project Update
user2965@company.com,user5998@company.com,2023-01-01 12:32:00,Invoice
user4501@company.com,user5192@company.com,2023-01-01 14:59:00,Meeting
user5321@company.com,user2721@company.com,2023-01-01 13:16:00,Project Update
user7327@company.com,user1772@company.com,2023-01-01 18:46:00,Invoice
user9355@company.com,user1374@company.com,2023-01-01 10:06:00,Project Update
user4337@company.com,user7068@company.com,2023-01-01 18:23:00,Meeting
user8165@company.com,user5097@company.com,2023-01-01 07:46:00,Invoice
user5830@company.com,user7075@company.com,2023-01-01 11:20:00,Invoice
user3458@company.com,user1102@company.com,2023-01-01 17:11:00,Request
user921@company.com,user3897@company.com,2023-01-01 15:52:00,Meeting
user6919@company.com,user5229@company.com,2023-01-01 08:09:00,Request
user4183@company.com,user7388@company.com,2023-01-01 09:36:00,Request
user2153@company.com,user6642@company.com,2023-01-01 19:14:00,Meeting
user7365@company.com,user534@company.com,2023-01-01 17:59:00,Project Update
user9815@company.com,user5715@company.com,2023-01-01 08:04:00,Meeting
user9940@company.com,user1362@company.com,2023-01-01 17:51:00,Meeting
user2385@company.com,user2558@company.com,2023-01-01 14:46:00,Confidential
user1620@company.com,user5753@company.com,2023-01-01 15:16:00,Meeting
user5688@company.com,user1383@company.com,2023-01-01 08:58:00,Request
user7766@company.com,user4850@company.com,2023-01-01 09:10:00,Meeting
user1968@company.com,user9181@company.com,2023-01-01 12:32:00,Meeting
user1435@company.com,user3556@company.com,2023-01-01 09:39:00,Confidential
user5746@company.com,user8044@company.com,2023-01-01 07:12:00,Invoice
user472@company.com,user7250@company.com,2023-01-01 08:46:00,Request
user1532@company.com,user4387@company.com,2023-01-01 15:23:00,Invoice
user3750@company.com,user6585@company.com,2023-01-01 09:40:00,Confidential
user4370@company.com,user8529@company.com,2023-01-01 18:06:00,Request
user7612@company.com,user3106@company.com,2023-01-01 08:30:00,Request
user5150@company.com,user2210@company.com,2023-01-01 16:30:00,Confidential
user4762@company.com,user2659@company.com,2023-01-01 15:16:00,Confidential
user9011@company.com,user5197@company.com,2023-01-01 08:37:00,Meeting
user6600@company.com,user1078@company.com,2023-01-01 14:44:00,Invoice
user8846@company.com,user6534@company.com,2023-01-01 16:09:00,Confidential
user4643@company.com,user2634@company.com,2023-01-01 17:39:00,Project Update
user870@company.com,user3679@company.com,2023-01-01 16:54:00,Project Update
user6428@company.com,user1991@company.com,2023-01-01 07:08:00,Request
user1344@company.com,user1775@company.com,2023-01-01 08:06:00,Confidential
user550@company.com,user4916@company.com,2023-01-01 07:18:00,Confidential
user8916@company.com,user7692@company.com,2023-01-01 10:30:00,Invoice
user8363@company.com,user808@company.com,2023-01-01 12:08:00,Project Update
user7585@company.com,user62@company.com,2023-01-01 09:02:00,Confidential
user3965@company.com,user9259@company.com,2023-01-01 14:49:00,Project Update
user1309@company.com,user6820@company.com,2023-01-01 17:14:00,Project Update
user6930@company.com,user2125@company.com,2023-01-01 16:20:00,Request
user1072@company.com,user849@company.com,2023-01-01 14:30:00,Project Update
user9533@company.com,user6482@company.com,2023-01-01 17:58:00,Confidential
user7116@company.com,user8031@company.com,2023-01-01 18:16:00,Project Update
user6594@company.com,user6304@company.com,2023-01-01 07:25:00,Invoice
user8981@company.com,user5543@company.com,2023-01-01 15:43:00,Request
user8864@company.com,user4702@company.com,2023-01-01 19:40:00,Invoice
user4355@company.com,user2232@company.com,2023-01-01 11:21:00,Project Update
user4466@company.com,user8309@company.com,2023-01-01 15:25:00,Invoice
user5801@company.com,user3640@company.com,2023-01-01 15:27:00,Request
user4800@company.com,user5181@company.com,2023-01-01 08:11:00,Confidential
user5406@company.com,user2909@company.com,2023-01-01 14:57:00,Confidential
user6908@company.com,user7285@company.com,2023-01-01 10:06:00,Invoice
user6044@company.com,user2818@company.com,2023-01-01 12:53:00,Invoice
user1505@company.com,user7638@company.com,2023-01-01 15:13:00,Meeting
user1452@company.com,user1289@company.com,2023-01-01 09:24:00,Request
user1791@company.com,user9057@company.com,2023-01-01 13:33:00,Invoice
user392@company.com,user6404@company.com,2023-01-01 10:19:00,Invoice
user8639@company.com,user5586@company.com,2023-01-01 13:47:00,Request
user8055@company.com,user7944@company.com,2023-01-01 08:00:00,Invoice
user6018@company.com,user6170@company.com,2023-01-01 15:53:00,Request
user3008@company.com,user7116@company.com,2023-01-01 18:15:00,Invoice
user2894@company.com,user4980@company.com,2023-01-01 09:13:00,Invoice
user3028@company.com,user8692@company.com,2023-01-01 15:40:00,Confidential
user190@company.com,user270@company.com,2023-01-01 12:08:00,Invoice
user1345@company.com,user3436@company.com,2023-01-01 13:11:00,Confidential
